{"admin":{"listen":"0.0.0.0:2019"},"apps":{"http":{"servers":{"srv0":{"listen":[":443"],"routes":[{"handle":[{"handler":"headers","response":{"deferred":true,"delete":["Server","X-Powered-By"]}},{"encodings":{"gzip":{},"zstd":{}},"handler":"encode","prefer":["zstd","gzip"]}]},{"group":"group2","handle":[{"handler":"subroute","routes":[{"handle":[{"handler":"reverse_proxy","headers":{"request":{"set":{"Connection":["{http.request.header.Connection}"],"Host":["{http.request.host}"],"Upgrade":["{http.request.header.Upgrade}"],"X-Forwarded-For":["{http.request.remote.host}"],"X-Real-Ip":["{http.request.remote.host}"]}}},"upstreams":[{"dial":"api:9502"}]}]}]}],"match":[{"path":["/ws*"]}]},{"group":"group2","handle":[{"handler":"subroute","routes":[{"handle":[{"handler":"reverse_proxy","headers":{"request":{"set":{"Host":["{http.request.host}"],"X-Client-Ip":["{http.request.header.X-Forwarded-For}"],"X-Forwarded-For":["{http.request.remote.host}"],"X-Forwarded-Proto":["{http.request.scheme}"],"X-Real-Ip":["{http.request.remote.host}"]}}},"upstreams":[{"dial":"api:9501"}]}]}]}]}]},"srv1":{"listen":[":80"],"routes":[{"handle":[{"handler":"headers","response":{"deferred":true,"delete":["Server","X-Powered-By"]}},{"encodings":{"gzip":{},"zstd":{}},"handler":"encode","prefer":["zstd","gzip"]}]},{"group":"group4","handle":[{"handler":"subroute","routes":[{"handle":[{"handler":"reverse_proxy","headers":{"request":{"set":{"Connection":["{http.request.header.Connection}"],"Host":["{http.request.host}"],"Upgrade":["{http.request.header.Upgrade}"],"X-Forwarded-For":["{http.request.remote.host}"],"X-Real-Ip":["{http.request.remote.host}"]}}},"upstreams":[{"dial":"api:9502"}]}]}]}],"match":[{"path":["/ws*"]}]},{"group":"group4","handle":[{"handler":"subroute","routes":[{"handle":[{"handler":"reverse_proxy","headers":{"request":{"set":{"Host":["{http.request.host}"],"X-Client-Ip":["{http.request.header.X-Forwarded-For}"],"X-Forwarded-For":["{http.request.remote.host}"],"X-Forwarded-Proto":["{http.request.scheme}"],"X-Real-Ip":["{http.request.remote.host}"]}}},"upstreams":[{"dial":"api:9501"}]}]}]}]}]},"srv2":{"listen":[":8088"],"routes":[{"handle":[{"body":"ok","handler":"static_response"}]}]}}},"tls":{"automation":{"on_demand":{"permission":{"endpoint":"http://127.0.0.1:8088","module":"http"}},"policies":[{"on_demand":true}]}}}}